token,NM
state,N
4i,NPL
artificial,NM
logo,N
bt,NM
whole,NM
primitives,NPL
1,D
skip,V
name,N
datas,NPL
collector,NM
7,D
init,V
factory,NM
self,NM
palette,NM
id,N
pnm,NM
face,NM
default,NM
and,CJ
from,P
simulate,V
builder,N
whitespace,NM
client,N
after,P
functions,NPL
in,P
type,N
out,NM
next,NM
char,NM
xml,NM
raw,NM
parameter,NM
synced,NM
events,NPL
2,D
num,NM
next,NM
pools,NPL
remap,V
playing,NM
for,P
matched,NM
parse,NM
class,N
4,D
wakeup,N
replace,N
2,D
ip6,NM
from,P
k,PRE
private,NM
interface,NM
exit,NM
st,NM
action,N
by,P
k,NM
object,NM
timestamp,N
1,D
and,CJ
url,N
2,D
color,NM
2,D
id,N
idx,N
index,N
sz,NM
provision,NM
after,P
constraint,N
id,N
2,D
file,NM
utf8,N
for,P
scale,N
rgb565,N
network,N
cols,NPL
bond,N
driver,NM
st,NM
not,VM
last,NM
free,NM
in,NM
no,DT
3,D
qc,N
when,V
v,PRE
group,NM
depthwise,DT
action,N
be,NM
split,N
x,NM
node,N
settings,NPL
and,CJ
decode,N
returned,NM
dig,N
token,NM
program,N
client,NM
consumer,N
dividend,NM
options,NPL
2,D
pointer,N
pointer,NM
outer,NM
unknown,NM
window,N
group,N
throwable,N
escalation,N
buff,NM
abcd,NM
src,NM
from,P
new,NM
append,V
bibliography,NM
metric,NM
label,NM
encoded,NM
bke,NM
neighbor,NM
file,N
actual,NM
remove,NM
on,P
default,NM
phase,N
nodes,NPL
forward,V
purge,N
up,VM
expression,NM
parameter,N
pairs,NPL
ack,NM
as,V
leg,NM
2d,NM
offt,N
time,N
push,NM
for,P
notify,N
even,NM
sec,NM
color,PRE
width,N
up,VM
last,NM
values,NPL
example,N
now,N
read,NM
this,P
learned,NM
for,NM
free,NM
index,N
to,P
friction,NM
m,PRE
child,NM
ctx,N
pair,N
double,N
dir,NM
mask,NM
png,N
size,N
iax2,NM
last,NM
out,N
minor,N
render,NM
last,NM
method,N
no,DT
part,NM
no,DT
id,N
sky,NM
create,NM
all,DT
response,NM
gradient,N
find,V
1515,D
channel,N
merged,NM
tar,N
name,N
no,DT
from,N
class,N
update,NM
annotations,NPL
8,D
delay,NM
for,P
base,NM
android,NM
caching,N
2,D
own,NM
ns,NPL
no,DT
instance,N
tcp,N
r,NM
big,NM
up,NM
n,NM
lp,NM
write,NM
in,NM
fracture,NM
neighbour,NM
1,D
property,NM
is,V
version,N
set,NM
b,NM
cache,NM
python,NM
bytes,NM
c,NM
xml,NM
to,P
lookup,NM
entry,N
map,N
get,V
change,N
with,P
thumbnail,N
2,D
node,NM
m,PRE
read,NM
start,N
to,P
a,PRE
ty,N
inbound,N
comment,NM
after,P
after,P
docker,NM
task,NM
ingress,NM
is,V
1,D
to,P
signal,NM
sample,NM
index,N
this,P
merge,V
this,P
out,N
xdf,NM
actual,NM
width,N
generated,NM
add,N
layer,N
now,NM
subtract,NM
udpif,N
response,N
vmanip,N
transform,V
fine,NM
x,P
column,NM
meta,NM
scholes,NPL
3,D
info,NM
dir,N
5,D
key,NM
2,P
positions,NPL
delete,NM
set,V
seg,NM
clang,NM
set,NM
valid,N
all,DT
lexer,NM
data,NM
maximize,V
generate,V
s3,NM
eclipse,NM
value,N
only,NM
function,N
to,P
frame,N
lines,NPL
expr,N
fence,N
some,DT
key,N
labels,NPL
stash,V
token,NM
mag,N
transport,NM
content,N
feel,N
vector,NM
msg,N
spell,V
bus,NM
field,N
result,N
mocking,NM
ref,N
categories,NPL
merge,N
2,D
buf,NM
index,N
exception,N
to,P
last,NM
add,NM
write,V
method,NM
layer,NM
client,N
argument,N
constant,NM
phrase,N
after,P
z,N
as,P
listener,N
expression,N
literal,NM
name,NM
session,N
reference,NM
layer,NM
16,D
string,NM
value,NM
random,N
temp,NM
length,N
pybullet,NM
number,NM
lines,NM
name,N
use,N
3,D
groups,NPL
rtree,NM
settings,NPL
has,V
expr,NM
dense,NM
ofs,NPL
add,V
page,NM
set,N
rect,N
animation,NM
file,NM
sv,NM
get,V
2,D
no,DT
add,NM
from,NM
new,NM
line,NM
til,N
can,NM
struct,NM
path,NM
button,N
byte,NM
format,NM
idb,NM
type,NM
dummy,NM
norm,NM
icy,NM
android,NM
account,N
validate,V
err,NM
spec,N
server,NM
b,NM
seconds,NPL
1,D
dshow,N
has,V
local,N
entry,NM
prev,NM
size,N
transport,NM
exprs,NPL
cost,N
next,NM
from,NM
type,N
ico,NM
is,V
map,N
public,NM
list,N
hidden,N
signature,N
get,V
page,NM
time,NM
pred,N
flag,NM
need,NM
only,NM
raw,NM
used,V
TRUE,NM
array,NM
json,NM
processing,NM
point,NM
execute,N
bodies,NPL
only,NM
tree,NM
matches,NPL
visual,NM
leg,NM
states,NPL
bias,NM
first,NM
current,NM
return,V
receiver,NM
node,N
1,D
or,CJ
cout,NM
modal,N
deconvolution,NM
x509,N
keep,NM
builder,N
command,NM
create,V
iam,NM
save,V
web,NM
annuity,N
e,NM
filter,N
value,V
change,N
1d,P
charuco,NM
formula,N
socks4,NM
text,NM
security,NM
current,NM
is,V
index,N
score,N
leaks,NPL
expected,NM
mesh,N
from,P
segmenter,NM
common,DT
2,D
join,NM
target,NM
command,NM
down,N
dig,NM
listeners,NPL
before,NM
t,N
a,DT
expiring,NM
i,NM
index,NM
bound,NM
patch,NM
parser,N
path,NM
gaps,NPL
x,NM
dpp,N
block,NM
bone,NM
equals,NM
pad,N
enable,V
on,NM
submodule,N
all,DT
to,P
ds,PRE
filter,NM
size,N
pull,NM
padding,V
z,NM
b,NM
term,N
indexed,NM
index,N
a,DT
row,V
is,V
spread,N
sha256,N
empty,NM
faces,NPL
ptr,N
size,N
ping,NM
get,V
field,NM
contact,NM
time,N
plugin,N
args,NPL
indexed,NM
mod,NM
all,DT
string,N
16,D
feed,NM
node,N
array,N
next,NM
system,N
used,NM
verify,N
self,N
m,PRE
d,N
int64,N
disk,NM
caplet,NM
matcher,NM
java11,NM
in,NM
prev,NM
2,D
directory,N
sk,NM
a,PRE
report,NM
regex,N
embedding,N
bytes,NPL
array,NM
point,N
s3fs,NPL
from,NM
a,PRE
each,DT
all,DT
period,NM
bean,N
if,P
code,N
inkey,NM
map,N
s,NM
pref,NM
exception,N
component,N
boxes,NPL
http11,N
listener,N
some,DT
socks4,NM
get,N
convolution,NM
default,NM
default,N
bit,NM
get,V
types,NPL
ms,NPL
before,P
m,PRE
save,NM
execute,N
c,N
dn,NM
rule,N
datum,NM
last,NM
cursor,N
convolution,NM
singularity,NM
on,P
befores,NPL
main,NM
lower,NM
driver,NM
size,N
m,PRE
pixels,NM
bio,N
error,N
labels,NPL
since,P
html,NM
for,P
rules,NPL
reapply,NM
search,NM
amz,N
behind,NM
now,N
gui,NM
last,NM
schema,NM
socket,NM
field,NM
buff,PRE
forward,NM
to,P
host,N
actual,NM
pad,NM
key,N
plane,NM
changed,V
ack,N
ctx,N
fprint,V
force,NM
v,NM
over,P
indexes,NPL
set,N
mail,NM
read,NM
treebank,N
logger,NM
to,P
latency,N
stream,NM
max,NM
from,NM
class,N
pipeline,N
field,NM
k,NM
return,NM
password,N
httperf,NM
vertex,NM
shutdown,NM
param,NM
now,NM
discount,NM
ice,N
with,P
clip,NM
more,NM
file,N
unknown,NM
parent,NM
res,NPL
handle,N
to,NM
of,P
im,NM
m,N
transformations,NPL
shape,N
memory,N
as,N
cat,NM
constructor,N
workspace,NM
zero,NM
codes,NPL
icon,N
texture,NM
position,N
labels,NPL
all,DT
text,NM
m,NM
content,NM
ok,NM
to,P
incoming,NM
parent,N
c,NM
c,NM
default,NM
double,V
handlers,NPL
text,NM
buckets,NM
copied,V
func,N
all,DT
connect,N
string,N
contact,NM
c,NM
i,NM
expr,N
weak,NM
sqlite3,N
new,NM
text,N
1,D
avg,N
default,NM
to,P
hdr,NM
bitstream,N
netdev,NM
index,N
failure,NM
found,N
save,NM
1,D
copies,NPL
and,CJ
as,PRE
frame,NM
types,NPL
mj,NM
min,N
tex,NM
a,DT
sum,NM
set,V
client,NM
key,NM
after,P
1,D
string,N
5,D
2,D
actions,NPL
filter,NM
property,NM
token,NM
core,N
float,NM
global,NM
only,NM
wnd,N
vlan,N
only,N
threshold,N
truncate,NM
from,P
in,P
p,NM
1,D
color,NM
out,N
ge,NM
next,NM
no,DT
server,NM
vid,NM
action,N
action,N
if,NM
of,P
num,NM
last,NM
deformable,NM
cos,N
dir,N
1,D
element,N
list,N
project,NM
size,N
ms,NPL
2,D
38,P
group,N
class,N
gimp,V
is,V
to,P
expression,NM
mode,N
dirs,N
send,V
2dimensional,DT
handle,N
murmur,NPL
name,N
details,NPL
handshake,NM
comparator,N
rule,NM
type,NM
degs,NPL
field,NM
m,PRE
and,CJ
controlled,NM
base,NM
bar,N
value,NM
gimp,NM
cause,NM
list,N
2,P
app,NM
buffer,N
expand,V
this,NM
cb,V
of,NM
subtypes,NPL
render,NM
ko,NM
sym,N
igraph,NM
get,V
default,N
param,NM
con,NM
rule,NM
400,D
keep,NM
next,NM
x,NM
bytes,NPL
sqlite3,N
s3fs,NM
yyp,NM
since,P
what,P
rot,NM
generator,N
setup,PRE
f,N
b,NM
register,N
query,N
more,NM
throttled,NM
this,P
view,NM
last,NM
string,NM
error,NM
0,D
if,NM
read,N
byte,NM
gby,N
bucket,NM
raw,NM
delete,N
time,N
all,DT
condition,N
is,VM
order,V
task,NM
paint,NM
m,PRE
down,V
push,V
search,N
pool,N
or,V
private,NM
data,NPL
data,NM
h,N
context,NM
for,NM
check,V
child,NM
size,N
max,NM
bias,NM
on,P
from,P
availability,NM
4,P
bucket,N
im,NM
datum,N
strategy,N
to,P
remove,NM
get,N
y,N
rule,NM
config,N
label,N
build,NM
2,D
idx,N
history,N
mock,NM
deconvolution,NM
count,N
fun,NM
like,NM
stream,NM
canonical,NM
provided,NM
table,NM
matrix,N
initialization,N
pack,N
layout,NM
stencil,NM
done,V
times,NPL
demo,N
usr,NM
y,NM
on,P
mtx,N
item,N
nonce,NM
cache,NM
as,P
if,P
for,P
closure,N
receive,NM
mun,NM
exp,N
subj,N
add,V
development,N
in,N
response,N
members,NPL
to,NM
each,DT
each,DT
colored,NM
pos,N
im,N
as,P
rays,NPL
text,NM
timing,N
perlin,N
effective,NM
out,N
label,N
result,N
adapter,N
u,NM
num,NM
stride,NM
args,NPL
get,V
token,NM
time,N
dynamics,NPL
micros,NPL
in,NM
if,NM
ptr,NM
launch,N
abc,NM
for,NM
after,N
enabled,V
active,NM
element,NM
memory,N
script,NM
q,NM
canvas,NM
path,NM
num,N
passwd,NM
manager,N
validate,V
offset,NM
build,V
proc,N
frame,NM
inclusive,N
save,NM
png,NM
editor,NM
action,NM
id,N
3,D
configs,NPL
lost,N
change,N
transform,V
casts,NPL
last,NM
payoff,N
r,NM
cap,N
source,NM
getter,N
mixed,NM
root,N
start,N
m,PRE
stream,NM
name,N
factory,N
for,P
tune,NM
load,NM
validate,NM
rx1024,NM
idx,N
final,N
pad,NM
1,P
count,N
log,NM
all,DT
what,CJ
schema,NM
default,NM
script,NM
for,P
functions,NPL
set,NM
p,N
for,P
vanilla,NM
weaver,N
at,P
unknown,DT
all,DT
1,D
assignment,N
