Token,NM
Type,NM
Decl,N
atn,NM
State,N
get,V
data,NPL
4,P
i,N
get,V
Artificial,NM
Op,NM
Prec,NM
Rule,N
no,DT
logo,N
bt,NM
Collision,NM
Shape,N
whole,NM
regexp,N
copy,V
primitives,NPL
from,P
row,NM
Type,NM
1,D
skip,V
Whitespace,NM
And,CJ
Commas,N
in,NM
name,N
reference,NM
Index,NM
Meta,NM
Datas,N
Sort,NM
Collector,NM
Labels,NM
1,D
k,NM
7,D
init,V
2,D
factory,NM
Class,N
tox,NM
self,NM
set,NM
no,DT
spam,N
png,NM
init,NM
palette,NM
transformations,NPL
m,PRE
last,NM
used,NM
id,N
pnm,NM
load,NM
raw,NM
pfm,N
num,NM
Tess,NM
Face,NM
Data,N
default,NM
instance,NM
void,N
Alt,NM
And,CJ
Context,NM
Config,NM
Equality,NM
Comparator,N
copy,V
primitives,NPL
from,P
simulate,V
GC,N
Suite,NM
Method,NM
Builder,N
skip,V
Whitespace,NM
And,CJ
Commas,N
Slack,NM
Client,N
after,P
Hash,V
64,D
Functions,NPL
With,P
Seed,N
has,V
in,P
band,N
component,NM
Type,N
out,NM
Stat,NM
Name,N
next,P
Page,NM
Value,N
char,NM
strings,NPL
Xpp,NM
3,D
Xml,NM
Pull,NM
Parser,N
get,V
Raw,NM
Arguments,NPL
Parameter,NM
Signature,N
all,DT
synced,NM
extract,NM
Events,NPL
pad,NM
2,D
num,NM
vertices,NPL
per,P
primitive,N
next,NM
event,N
all,DT
Pools,NPL
remap,V
Nearest,NM
Neighbor,N
playing,NM
Ch,NM
2,D
merge,V
driver,NM
name,N
for,P
path,N
start,V
Matched,NM
Count,NM
Dec,N
trim,NM
Parse,NM
Trees,N
this,P
class,N
data,NM
Sv,NM
4,D
last,NM
wakeup,N
Replace,NM
ES,NM
419,D
Language,NM
Filter,N
init,V
2,D
ip,NM
6,D
h,NM
nxt,N
ccv,V
get,NM
sparse,NM
matrix,NM
cell,N
from,P
vector,N
k,PRE
Dp,NM
Sig,NM
nific,NM
and,CJ
Mask,N
Code,NM
Generator,NM
Private,N
interface,NM
Bounds,NPL
exit,NM
64,D
st,NM
arg,NM
2,D
action,N
To,P
Index,NM
Map,N
by,P
k,NM
Im,NM
2,D
Col,N
next,NM
object,NM
list,N
get,V
Failure,NM
Timestamp,N
adler,NM
1,D
hash,V
and,CJ
save,N
url,N
From,P
Json,N
learned,NM
Lop,NM
Expert,DT
Weights,NM
2,P
D,N
color,NM
Map,N
YOLO,NM
2,D
opposite,NM
Major,NM
Fragment,NM
Id,N
blob,N
name,NM
to,P
last,NM
top,NM
idx,N
h,NM
if,P
index,N
sz,NM
Joint,NM
Ranges,NPL
throw,V
Provision,NM
Exception,NM
If,P
Errors,NM
Exist,N
after,P
write,NM
cb,N
bt,NM
Deformable,NM
Contact,NM
Constraint,N
wat,NM
id,N
ptr,NM
channel,NM
2,D
file,NM
no,DT
RTF,NM
UTF8,N
gui,V
buffer,NM
set,NM
time,N
for,P
each,DT
line,N
inv,NM
unit,NM
scale,N
rgb,NM
2,P
rgb,N
565,D
network,V
pass,NM
socks,NPL
5,P
proxy,N
num,NM
cols,NPL
Risky,NM
Bond,N
merge,V
driver,NM
name,N
for,P
path,N
st,NM
lib,N
check,V
Not,VM
Local,N
last,NM
part,N
irc,NM
batch,NM
free,NM
all,DT
in,NM
expected,NM
RPC,NM
Type,N
no,DT
Val,N
t,NM
3,D
corr,NM
QC,N
keep,NM
when,V
false,N
V,NM
1,D
cb,V
service,N
in,P
host,NM
group,NM
each,DT
host,N
Depthwise,NM
Convolution,NM
2,P
D,N
Transport,NM
Shard,NM
Refresh,NM
Action,N
to,N
Be,NM
Validated,N
next,NM
Split,N
CHAT,NM
COBROWSE,NM
IMAGE,NM
24,D
x,NM
24,D
edges,NM
per,P
node,N
settings,NPL
look,NM
and,CJ
feel,NM
Label,N
string,V
base,NM
32,P
decode,N
returned,NM
Value,N
btn,NM
down,NM
for,NM
dig,N
Token,NM
Property,NM
Ref,NM
channel,N
Null,NM
Program,N
Completion,NM
Handler,NM
I,NM
Unary,NM
Response,NM
Client,NM
Callback,N
breaker,NM
Consumer,N
dividend,NM
Discount,NM
Mother,N
DESTINATION,NM
OPTIONS,NPL
V,NM
6,D
buff,PRE
Ptr,NM
2,D
as,P
pointer,N
pointer,NM
1,D
outer,NM
Rule,N
for,NM
Unknown,NM
Schema,N
OF,P
Android,NM
Window,N
this,P
host,NM
group,N
a,PRE
Throwable,N
this,P
service,NM
escalation,N
out,N
Buff,NM
Posn,N
Piecewise,NM
Constant,NM
Abcd,NM
Variance,N
src,NM
Gradient,N
from,P
Room,NM
Filter,N
New,NM
Aggregate,NM
Builder,NM
Map,N
append,V
Python,NM
Style,NM
Escaped,NM
Code,NM
Point,N
bibliography,NM
Type,N
on,P
Metric,NM
Removed,NM
Label,NM
Drawing,NM
Widget,N
encoded,NM
Path,NM
Segments,NPL
BKE,NM
lattice,NM
index,NM
flip,NM
neighbor,NM
pos,NPL
I,NM
Read,NM
File,N
get,V
Actual,NM
Values,NPL
remove,NM
from,P
menu,NM
bar,N
on,P
Thread,NM
Is,NM
Alive,N
use,NM
default,NM
if,P
empty,N
calibration,NM
Phase,N
number,NM
of,P
nodes,NPL
do,V
Forward,V
last,NM
data,NM
purge,N
propagate,V
when,V
not,VM
up,VM
expression,NM
8,D
Layer,NM
Parameter,N
Sub,NM
Module,NM
Name,NM
Visibility,NM
Pairs,NPL
last,NM
ack,NM
seq,N
as,P
Sorted,NM
Entry,NM
List,N
inflation,NM
Leg,NM
NPV,N
Dec,NM
on,P
volution,NM
2,P
D,N
s,VM
3,P
fs,NM
str,NM
to,P
o,NM
fft,N
a,PRE
time,N
partition,N
Filter,NM
Push,NM
down,NM
for,P
Class,N
irc,VM
notify,N
new,NM
for,P
all,DT
servers,NPL
even,NM
dist,N
abs,NM
deadline,NM
n,NM
sec,NM
value,N
color,PRE
Conversion,NM
System,N
pixel,NM
Width,N
rel,N
cam,NM
up,VM
last,NM
term,N
Returns,V
Empty,NM
Values,NPL
Physics,NM
Client,NM
Example,N
t,NM
s,NM
now,N
C,NM
File,NM
Read,NM
Callback,N
this,P
Node,N
learned,NM
Lop,NM
Expert,DT
Weights,NM
2,P
D,N
m,N
for,NM
What,P
free,NM
Positions,NPL
last,NM
Slash,NM
Index,N
world,NM
To,P
Screen,N
Rolling,NM
Friction,NM
Demo,N
m,PRE
text,NM
Types,NPL
child,NM
Categories,NPL
in,NM
ctx,N
label,NM
Pair,N
Get,V
Related,NM
View,NM
Data,NM
Row,NM
Double,N
is,NM
dir,NM
2,D
Dispatch,NM
Mask,NM
Buffer,NM
Iterator,N
png,N
get,N
row,NM
bytes,NPL
merge,V
chunks,NPL
by,P
bucket,NM
size,N
Iax,DT
2,DT
Analysis,DT
Tree,DT
Widget,DT
Item,N
last,NM
used,NM
Ypos,NPL
out,P
P,NM
rel,N
before,P
minor,N
m,PRE
Sky,NM
Plane,NM
Render,NM
Queue,N
last,NM
Transition,N
mock,NM
Method,N
no,DT
of,P
groups,NPL
part,NM
3,D
add,NM
no,DT
truncate,NM
cache,N
next,NM
Id,N
m,PRE
Sky,NM
Plane,NM
Render,NM
Queue,N
eglew,NM
Create,NM
Platform,NM
Window,NM
Surface,N
i,NM
graph,NM
all,DT
st,P
min,NM
cuts,NPL
on,P
Response,NM
Content,N
adjusted,NM
Gradient,N
find,V
Hashable,NM
Base,NM
Type,N
OF,P
1515,D
file,NM
Channel,N
merged,NM
1,D
C,NM
Archive,NM
Loader,NM
TAR,N
ares,V
expand,V
name,N
for,P
response,N
ovs,PRE
db,NM
atom,NM
string,NM
create,V
no,DT
copy,N
x,NM
from,N
features,NPL
per,P
class,N
git,NM
index,NM
update,NM
all,DT
Patterns,NM
Annotations,NPL
convert,V
to,P
8,D
bit,N
delay,NM
agnostic,NM
enabled,V
for,P
Implementation,N
Base,NM
Loader,NM
Callback,N
OF,P
Android,NM
Sound,NM
Player,N
as,P
Caching,N
probe,NM
Side,NM
Scan,NM
2,D
hj,N
own,NM
flags,NPL
ns,NPL
find,V
all,DT
textures,NPL
no,DT
log,N
this,P
Instance,N
kill,V
no,DT
n,NM
used,NM
tcp,N
r,NM
14,D
parent,NM
Had,NM
Big,NM
Change,N
start,V
Up,NM
Fix,NM
Cost,N
n,NM
Shininess,N
lp,NM
Binary,NM
Path,NM
Name,N
write,NM
Root,N
in,NM
prop,NM
Name,N
Voronoi,NM
Fracture,NM
Demo,N
in,P
neighbour,NM
heap,N
m,PRE
perspective,NM
bias,NM
1,D
vertex,N
property,NM
Interval,NM
Set,N
is,V
Std,NM
lib,NM
Module,N
EMBEDDED,PRE
VERSION,N
set,NM
Protocol,NM
Method,N
b,NM
Stat,NM
1,D
cache,NM
file,N
append,V
Python,NM
Style,NM
Escaped,NM
Code,NM
Point,N
bytes,NM
out,N
c,NM
where,N
Xpp,NM
3,D
Xml,NM
Pull,NM
Parser,NM
Factory,N
add,V
Unicode,NM
Script,NM
Codes,NPL
To,P
Names,NPL
stubbing,NM
Lookup,NM
Listeners,NPL
only,NM
Entry,N
state,N
To,P
Grammar,NM
Region,NM
Map,N
get,V
Item,NM
Type,NM
Descriptor,N
change,N
set,NM
for,P
tables,NPL
with,P
Cms,NM
Leg,NM
Rule,N
gimp,V
image,NM
file,NM
get,NM
thumbnail,N
c,NM
partition,NM
2,D
scene,NM
Node,NM
Type,NM
Name,N
m,PRE
s,NM
box,NM
4,D
read,NM
Operation,N
Rule,NM
Property,NM
Ref,NM
start,N
state,N
To,P
Grammar,NM
Region,NM
Map,N
a,PRE
pos,N
Struct,NM
Ty,N
inbound,N
get,V
next,NM
comment,NM
id,N
has,V
after,P
destruct,N
after,P
Processing,N
from,P
Docker,NM
Config,N
last,NM
Pending,NM
Task,NM
Cache,N
on,P
Ingress,NM
Error,N
is,V
canon,N
target,NM
1,D
to,P
Schema,N
Time,NM
Signal,NM
Command,N
packet,NM
Sample,NM
Count,N
method,NM
index,N
this,P
service,NM
escalation,N
merge,V
chunks,NPL
by,P
bucket,NM
size,N
this,P
class,N
entry,NM
out,N
xdf,NM
2,D
actual,NM
Suffix,N
max,NM
width,N
generated,NM
Token,NM
On,P
Creation,N
words,NPL
to,P
add,N
ico,NM
load,NM
layer,N
now,NM
time,N
A,DT
RGB,NM
Subtract,NM
Row,NM
C,N
udp,NM
if,CJ
all,DT
Service,NM
Response,N
l,NM
place,NM
schematic,NM
on,P
vmanip,N
as,PRE
Transform,NM
Generator,NM
Transform,N
fine,NM
priority,N
string,NM
conv,NM
base64,NM
8,P
x,P
3,P
to,P
6,P
x,DT
4,D
column,NM
Type,NM
Metadata,NM
v,NM
4,D
reset,V
Meta,NM
Class,NM
Cache,N
Fd,NM
Black,NM
Sc,NM
holes,NPL
Vanilla,NM
Engine,N
e,NM
3,D
APPLICATION,NM
INFO,NM
2,D
load,V
from,P
lib,NM
dir,N
irc,NM
message,NM
split,N
005,D
key,NM
Events,NPL
Copy,N
i,NM
graph,NM
i,NM
get,NM
sub,NM
isomorphisms,NPL
vf,P
2,P
inner,N
free,NM
Positions,NPL
s,NPL
set,NM
find,N
and,P
delete,NM
set,V
Extra,NM
Interfaces,NPL
fts,NM
5,P
Seg,NM
Iter,NM
Clear,N
clang,NM
Can,NM
Ty,N
gimp,V
canvas,NM
rectangle,NM
set,NM
property,N
previous,NM
Is,NM
Valid,N
all,DT
Pools,NPL
build,V
Lexer,NM
Rule,NM
Actions,NPL
other,NM
Data,NM
Len,NM
Bits,NPL
maximize,V
All,DT
Generate,V
Prolog,N
1,D
default,NM
S,NM
3,D
Bucket,N
in,P
Eclipse,NM
Compiler,N
Controller,NM
Value,N
only,NM
Done,N
Murmur,NM
3,D
128,D
Hash,NM
Function,N
null,NM
Passed,N
To,P
Verify,N
No,DT
More,NM
Interactions,NPL
inertial,NM
Frame,N
lines,NPL
per,P
option,N
that,NM
Expr,N
fence,N
some,DT
Columns,NPL
Indexed,NM
this,P
Key,N
mapped,NM
labels,NPL
stash,V
update,NM
index,N
from,P
diff,N
is,V
Generic,NM
Type,NM
Disambiguating,NM
Token,N
z,NM
2,D
X,NM
mag,N
on,P
Transport,NM
Ready,DT
Common,N
Cbor,NM
X,NM
Content,N
look,NM
and,CJ
feel,N
C,NM
Vector,NM
3,D
p,NM
5,D
Err,NM
msg,N
spell,V
speller,NM
add,NM
dicts,NPL
to,P
hash,N
D,NM
Bus,NM
Proxy,N
next,NM
Field,N
auth,NM
Result,N
original,NM
Mocking,NM
Details,N
repress,V
Ref,N
At,P
Loc,N
child,NM
Categories,NPL
to,P
Merge,N
xdf,NM
2,D
buf,NM
Num,N
tbl,NM
index,N
DL,NM
4,D
J,NM
Invalid,NM
Input,NM
Exception,N
index,N
To,P
Loc,NM
Format,N
last,NM
Document,N
add,NM
no,V
exist,V
last,V
Write,V
method,NM
index,N
v,NM
0,D
layer,NM
connection,N
Rest,NM
Client,N
visit,V
SIL,NM
Argument,N
Piecewise,NM
Constant,NM
Abcd,NM
Variance,N
get,V
Phrase,N
1,D
after,P
release,N
cam,NM
Rot,NM
Z,N
as,P
Writer,N
OF,P
Orientation,NM
Listener,N
next,NM
Fragment,NM
Expression,N
literal,NM
Bucket,N
name,NM
1,D
O,NM
Auth,NM
Session,N
Reference,NM
Range,N
Upgrade,NM
V,DT
1,P
Layer,NM
Parameter,N
UNBLOCK,NM
CONTACT,NM
16,D
x,NM
16,D
string,V
base,NM
16,P
decode,N
Bridged,NM
Value,NM
Fun,NM
Arg,N
no,DT
random,N
temp,NM
Attrs,N
Edit,NM
Length,N
py,NM
bullet,NM
compute,V
View,NM
Matrix,N
number,NM
of,P
nodes,NPL
lines,NM
in,P
hunk,N
in,NM
prop,NM
Name,N
size,V
on,P
first,NM
use,N
buf,NM
3,D
xodtemplate,NM
expand,NM
host,NM
groups,NPL
and,CJ
hosts,NPL
sqlite,NM
3,P
r,NM
tree,NM
geometry,NM
callback,N
Cluster,NM
Update,NM
Settings,NM
Response,N
has,V
in,P
band,N
sqlite,NM
3,P
Walk,V
Expr,NM
List,N
DECIMAL,PRE
38,D
DENSE,NM
VALUE,N
l,PRE
4,D
ofs,NPL
add,V
parent,N
to,P
host,N
next,P
Page,NM
Value,N
last,NM
Set,N
static,NM
Rect,N
animation,NM
box,N
Workspace,NM
File,NM
Mask,N
incoming,NM
Has,NM
Sv,NM
2,D
get,V
next,NM
comment,NM
id,N
new,NM
Param,NM
2,D
get,V
PID,NM
No,DT
Exceptions,NPL
check,V
arrival,NM
add,NM
next,NM
nodes,NPL
val,N
from,NM
literal,N
new,NM
Strokes,NPL
line,NM
index,NM
mask,NM
len,N
til,N
or,CJ
since,P
clang,NM
Can,NM
Ty,N
Struct,NM
Ty,N
path,NM
With,P
Native,NM
Separators,NPL
which,DT
Button,N
byte,NM
Count,N
format,NM
Display,NM
Name,N
idb,NM
1,D
if,P
description,N
numeric,NM
type,NM
3,D
Less,NM
Dummy,NM
Gui,NM
Helper,N
l,NM
2,P
norm,NM
transform,V
Icy,DT
Decoder,N
OF,P
Android,NM
Window,N
selected,NM
Account,N
validate,V
tree,NM
and,CJ
parents,NPL
store,V
Last,NM
Err,NM
no,DT
time,NM
spec,N
wait,NM
for,P
server,NM
start,N
b,NM
float,NM
16,P
To,P
Double,NM
wait,V
For,P
S,NM
3,D
Links,NM
Seconds,NPL
src,NM
1,D
Video,NM
Capture,NM
D,NM
Show,N
has,V
after,P
destruct,N
check,V
Not,VM
Local,N
last,NM
Entry,NM
Batch,N
prev,NM
Signal,NM
Bar,NM
Count,N
size,N
in,P
datum,N
Transport,NM
Shard,NM
Refresh,NM
Action,N
all,DT
Exprs,N
next,P
Cast,NM
Cost,N
caffe,V
next,NM
after,NPL
from,NM
SV,NM
4,D
as,P
function,NM
type,N
ico,NM
load,NM
layer,N
is,V
valid,NM
escalation,N
for,P
service,NM
notification,N
as,P
Map,N
validate,V
Public,NM
Static,NM
Void,NM
Methods,NPL
sentence,NM
List,N
any,DT
hidden,N
received,NM
Token,NM
Signature,N
get,V
Binary,NM
Side,N
decompress,NM
Page,NM
V,DT
1,D
last,NM
time,NM
critical,N
or,CJ
Pred,N
flag,NM
true,NM
if,P
should,NM
convert,N
need,NM
fallback,N
only,NM
amz,N
raw,NM
Arguments,NPL
last,N
used,V
sqlite,NM
3,P
Expr,NM
If,P
True,N
Array,NM
Count,NM
Propagation,N
grpc,NM
json,NM
writer,NM
value,NM
string,N
processing,NM
Level,N
point,NM
index,N
on,P
Execute,NM
Program,N
set,V
dampen,N
on,P
bodies,NPL
only,NM
Entry,N
Tree,NM
Element,N
Bt,N
3,P
Zip,NM
Match,NM
Finder,NM
Get,N
Matches,NPL
m,PRE
num,NM
Visual,NM
Shapes,NM
Copied,N
with,P
Cms,NM
Leg,NM
Rule,N
non,NM
Greedy,NM
States,NM
Builder,N
add,V
Bias,NM
To,P
Embedding,N
presentation,NM
Start,NM
From,P
First,N
on,P
Query,NM
Current,DT
Thread,N
next,NM
Partition,NM
To,NM
Return,N
m,PRE
Shadow,NM
Receiver,NM
Pass,N
last,NM
Rel,NM
Node,N
p,NM
Mem,NM
1,D
til,N
or,CJ
since,P
C,N
out,P
Stream,N
gpencil,NM
primitive,NM
modal,N
Cu,N
DNN,NM
Dec,NM
on,P
volution,NM
Layer,N
X509,N
set,V
1,P
not,VM
Before,NPL
keep,NM
when,V
false,N
matcher,NM
Builder,N
Command,NM
t,N
create,V
metadata,NM
array,N
Set,V
IAM,NM
v,NM
2,P
API,NM
Token,N
save,V
before,P
unloading,N
with,P
Web,NM
Socket,NM
Upgrade,N
risky,NM
Annuity,N
e,NM
8,D
reapply,NM
Filter,N
value,V
out,P
echo,NM
path,NM
change,N
LAYER,NM
FIELD,NM
POOL,NM
1,P
D,NM
SIZE,N
current,NM
Charuco,NM
Corners,NPL
nd,NM
Formula,N
for,P
Socks4,NM
Proxy,N
Replace,NM
Text,NM
Context,N
ENCAPSULATING,V
SECURITY,NM
V,NM
6,D
current,NM
Filename,N
m,PRE
is,V
Worker,NM
Done,NM
in,NM
Index,N
worst,NM
score,N
Detect,NM
Leaks,NPL
in,NM
expected,NM
RPC,NM
Type,N
tessellate,NM
To,P
Mesh,N
expand,V
Headers,NPL
From,P
Request,N
Segmenter,NM
Core,NM
Annotations,NPL
on,P
Transport,NM
Ready,DT
Common,N
error,NM
2,D
join,NM
Mj,NM
Id,NM
2,D
Scan,NM
Mj,NM
Id,N
target,NM
chars,NPL
Ko,NM
Path,NM
Point,NM
Remove,NM
Command,NM
Private,N
notify,V
Touch,V
Down,P
no,DT
dig,NM
delay,NM
timer,N
stubbing,NM
Lookup,NM
Listeners,NPL
add,NM
before,NM
forward,V
print,NM
t,N
not,VM
a,DT
local,NM
branch,N
save,V
Expiring,NM
Object,N
i,NM
var,NM
Initializer,N
BKE,NM
lattice,NM
index,NM
flip,NM
bound,NM
Port,N
Patch,NM
Coord,NM
Buffer,N
Xpp,NM
3,D
Xml,NM
Pull,NM
Parser,N
echo,NM
path,NM
change,N
nbr,NM
gaps,NPL
SAVE,V
AS,VM
16,D
x,NM
16,D
dof,PRE
reg,NM
handoff,NM
dpp,N
0,D
BLOCK,NM
CONTACT,NM
16,D
x,NM
16,D
bone,NM
Positions,NPL
equals,NM
Builder,N
param,NM
up,NM
graded,NM
pad,N
enable,V
Materials,NPL
on,NM
Factory,N
submodule,N
load,NM
each,DT
m,PRE
all,DT
Tables,NM
Selectable,NM
convert,V
to,P
8,D
bit,N
ds,PRE
last,NM
gimp,V
filter,NM
tool,NM
set,NM
gyroscope,N
Val,NM
Size,N
Xpp,NM
3,D
Xml,NM
Pull,NM
Parser,N
Keras,NM
Zero,NM
Padding,NM
1,P
D,N
z,NM
p,NM
i,N
b,NM
next,CJ
drift,NM
term,N
Context,NM
Token,NM
List,NM
Indexed,NM
Getter,NM
Decl,N
stash,V
update,NM
index,N
from,P
diff,N
is,V
Node,NM
A,NM
Left,NM
Child,NM
Leaf,N
Get,V
Related,NM
View,NM
Data,NM
Row,NM
Double,N
is,V
Blocked,V
By,P
Shutdown,N
use,NM
Atm,NM
Spread,N
sha256,N
hash,NM
EMPTY,NM
DIRECTORY,N
Set,V
Add,NM
Faces,NM
Points,N
rt,NM
Stream,NM
Ptr,N
k,PRE
Dp,NM
Sig,NM
nific,NM
and,CJ
Size,N
on,P
Ping,N
Reply,DT
Latency,N
get,V
Commit,NM
Id,N
sort,NM
Field,NM
Data,NM
Type,N
m,PRE
contact,NM
Motion,NM
1,D
gui,V
buffer,NM
set,NM
time,N
for,P
each,DT
line,N
plugin,N
name,NM
for,NM
upgrade,N
m,PRE
transform,NM
Change,NM
Args,N
some,DT
Columns,NPL
Indexed,NM
mod,NM
I,D
face,N
all,DT
Users,NPL
object,N
With,P
To,P
String,N
MAIL,NM
FORWARD,NM
16,D
x,NM
16,D
FEED,NM
ADAPTER,N
this,P
Node,N
create,V
metadata,NM
array,N
next,NM
tex,N
Lsm,NM
Basis,NM
System,N
last,NM
used,NM
Ypos,NPL
null,NM
Passed,N
To,P
Verify,N
No,DT
More,NM
Interactions,NPL
RETURNS,NM
SELF,N
m,PRE
perspective,NM
bias,NM
1,D
vertex,N
Temperature,NM
Cauchy,NM
1,P
D,N
as,P
Int64,N
Get,NM
Total,NM
Disk,NM
Space,N
Cap,NM
let,NM
Variance,NM
Curve,N
matcher,NM
Builder,N
Java,NM
11,D
Web,NM
Socket,N
in,NM
Mem,NM
Count,N
prev,NM
no,DT
n,NM
singleton,N
vector,NM
2,D
get,V
Working,NM
Directory,N
SK,NM
Editor,NM
Consumer,N
a,PRE
Throwable,N
report,NM
No,DT
Setter,NM
Found,N
label,NM
Regex,N
add,V
Bias,NM
To,P
Embedding,N
request,NM
bytes,NPL
array,NM
Class,N
append,V
Python,NM
Style,NM
Escaped,NM
Code,NM
Point,N
s,NPL
3,P
fs,NM
read,NM
link,N
from,NM
JID,N
a,PRE
Void,N
gui,V
buffer,NM
set,NM
time,N
for,P
each,DT
line,N
all,DT
Service,NM
Response,N
period,NM
no,DT
Period,N
mx,NM
Bean,N
next,NM
Integer,NM
If,P
Not,VM
EOF,N
http,NM
2,D
Error,NM
Code,N
in,N
key,NM
bio,N
referee,NM
Set,NM
Map,N
t,NM
s,NM
now,N
PREF,NM
FONT,N
Warning,NM
Failure,NM
Exception,N
follow,V
Component,N
handled,NM
Boxes,NPL
is,V
HTTP,N
11,D
Heat,NM
Vision,NM
Listener,N
some,DT
air,N
for,P
Socks4,NM
Proxy,N
Bt,N
3,P
Zip,NM
Match,NM
Finder,NM
Get,N
Matches,NPL
Separable,NM
Convolution,NM
2,P
D,N
Default,NM
Mocking,NM
Details,N
gimp,NM
eraser,NM
default,N
bit,NM
Field,NM
0,D
get,V
Failure,NM
Timestamp,N
assign,V
Lexer,NM
Token,NM
Types,NPL
save,NM
Every,DT
Ms,N
all,DT
space,NM
before,P
m,PRE
last,NM
Changed,NM
Location,N
save,NM
Dual,NM
Cells,NPL
before,VM
Execute,N
A,DT
RGB,NM
Subtract,NM
Row,NM
C,N
dn,NM
1,D
x,NM
2,D
Binary,NM
Rule,N
ovs,NM
db,NM
datum,NM
compare,NM
3,P
way,N
last,NM
percent,N
cell,NM
Cursor,N
Keras,NM
Depthwise,NM
Convolution,NM
2,P
D,N
Singularity,NM
S,NM
3,D
Uploader,N
on,P
status,N
befores,NPL
Main,NM
Class,N
lower,NM
tail,N
driver,NM
Type,NM
Name,N
max,NM
input,NM
size,N
m,PRE
FBO,NM
Height,N
x,PRE
pixels,NM
per,P
unit,N
in,N
key,NM
bio,N
error,N
On,NM
400,D
all,DT
Labels,NPL
til,N
or,CJ
since,P
make,V
HTML,NM
Table,N
init,NM
For,P
Group,N
validate,V
Class,NM
Rules,NPL
reapply,NM
Filter,N
binary,NM
Search,N
Bytes,NPL
only,NM
amz,N
behind,NM
size,N
now,N
gui,NM
input,NM
search,NM
next,CJ
last,NM
Y,N
build,V
Schema,N
For,P
2,P
Dimensional,NM
Dataset,N
Java,NM
11,D
Web,NM
Socket,NM
Factory,N
new,NM
Field,NM
Type,N
buff,PRE
Ptr,NM
2,D
forward,NM
time,NM
per,P
layer,N
action,N
To,P
Index,NM
Map,N
notify,V
contact,N
of,P
host,N
actual,NM
Count,N
pad,NM
0,D
from,NM
Key,N
zero,NM
plane,NM
res,NPL
is,V
Dependency,NM
Changed,N
to,N
Ack,N
Rule,NM
Property,NM
Ref,NM
ctx,N
fpr,V
int,NM
all,DT
protocols,NPL
for,P
layer,NM
types,NPL
force,NM
nd,NM
im,NM
2,D
col,N
insert,NM
V,DT
4,P
Headers,NPL
v,N
max,NM
over,P
base,N
indexes,NPL
Of,P
Suspicious,NM
Args,NPL
next,NM
Set,N
MAIL,NM
FORWARD,NM
16,D
x,NM
16,D
Read,V
S,NM
3,P
fs,NM
Passwd,NM
File,N
tune,NM
Tree,NM
bank,N
logger,NM
Name,NM
Parts,NPL
Convert,NM
To,P
Php,N
Namespace,N
on,P
Ping,N
Reply,DT
Latency,N
EGLEW,NM
KHR,NM
stream,NM
fifo,N
spline,NM
max,NM
len,N
from,NM
Email,N
Main,NM
Class,N
glew,NM
Validate,NM
Program,NM
Pipeline,N
field,NM
63,D
inv,NM
Flight,NM
K,NM
2,D
Is,DT
Return,DT
Bridged,N
save,NM
Password,N
http,N
erf,NM
2,D
vertex,NM
to,P
the,DT
left,N
on,P
Shutdown,NM
Request,N
param,NM
Def,N
now,NM
Micros,N
dividend,NM
Discount,NM
Mother,N
n,NM
water,NM
or,CJ
ice,N
Hash,V
64,D
Functions,NPL
With,P
Seed,N
clip,NM
Dist,NM
Bug,N
more,NM
data,NPL
cache,NM
file,N
for,NM
Unknown,NM
Schema,N
parent,NM
field,N
zero,NM
plane,NM
res,NPL
after,V
handle,N
to,NM
Count,N
no,DT
of,P
nodes,NPL
skip,NM
im,NM
2,D
col,N
m,N
endpoint,NM
a,DT
png,NM
init,NM
palette,NM
transformations,NPL
Node,NM
Shape,N
enough,NM
Memory,N
as,P
V,N
cat,NM
Risk,N
biggest,NM
Constructor,N
Workspace,NM
File,NM
Mask,N
Keras,NM
Zero,NM
Padding,NM
1,P
D,N
CODES,NPL
off,P
Icon,N
set,V
Layer,NM
Texture,NM
Name,N
m,N
VS,NM
Out,NM
Light,NM
Position,N
Sort,NM
Collector,NM
Labels,NM
1,D
ns,NPL
find,V
all,DT
textures,NPL
text,NM
Chopped,NM
2,D
m,NM
31,D
Singularity,NM
S,NM
3,D
Uploader,NM
Content,NM
Headers,NPL
nulls,NPL
Ok,NM
add,V
Bias,NM
To,P
Embedding,N
incoming,NM
Has,NM
Sv,NM
2,D
add,V
parent,N
to,P
host,N
C,NM
Image,NM
Writer,NM
JPG,N
c,NM
problem,N
default,NM
S,NM
3,D
Bucket,N
as,P
Double,N
Response,NM
Handlers,NPL
text,NM
search,NM
where,NPL
BUCKETS,NM
PATH,NM
FIELD,N
m,PRE
num,NM
Visual,NM
Shapes,NM
Copied,N
Func,N
all,DT
Streams,NM
Finished,N
on,P
connect,N
platform,NM
String,N
bt,NM
Deformable,NM
Contact,NM
Constraint,N
C,NM
Burning,NM
Shader,NM
Raster,NM
Reference,N
i,NM
ar,NM
e,N
that,NM
Expr,N
weak,NM
Ref,NM
Lost,N
sqlite,NM
3,P
Put,NM
4,P
byte,N
new,NM
Shape,NM
2,D
Formatted,NM
Text,N
vid,NM
1,D
for,N
avg,N
Default,NM
Ssl,NM
Roots,NM
Override,N
to,P
Merge,N
HDR,NM
Listener,N
Read,NM
Bit,NM
stream,N
net,V
dev,V
dummy,NM
queue,NM
dump,NM
next,CJ
media,NM
Chunk,NM
Index,N
get,V
Failure,NM
Timestamp,N
if,NM
Found,N
save,NM
Every,DT
Since,NM
Last,NM
u,NM
1,D
bit,NM
count,N
active,NM
Copies,NPL
and,CJ
Node,N
as,PRE
Transform,NM
Generator,NM
Transform,N
key,NM
Frame,NM
2,D
m,PRE
text,NM
Types,NPL
join,NM
Mj,NM
Id,NM
2,D
Scan,NM
Mj,NM
Id,N
from,N
Local,NM
Aabb,NM
Min,N
tex,NM
ID,N
oid,NM
a,DT
sum,NM
2,D
set,V
by,P
client,NM
Number,N
generate,V
key,NM
or,CJ
iv,N
after,P
Round,N
use,NM
Shadows,NM
1,D
as,N
String,N
v,NM
5,D
node,NM
2,D
build,V
Lexer,NM
Rule,NM
Actions,NPL
Category,NM
Filter,NM
Factory,N
Rule,NM
Property,NM
Ref,NM
ctx,N
last,NM
Token,NM
Was,NM
Delete,NM
Or,CJ
Default,N
core,N
b,NM
float,NM
16,D
Indexer,N
global,NM
Scope,N
utf8,NM
only,NM
H,NM
Wnd,N
out,P
v,NM
lan,N
check,NM
content,NM
only,N
past,NM
Threshold,N
s,NM
3,P
fs,NM
truncate,N
from,P
Inclusive,N
are,NM
Unit,NM
ies,NPL
in,P
Shape,V
p,NM
Name,NM
2,D
decompress,NM
Page,NM
V,DT
1,D
Color,NM
Map,N
local,NM
path,NM
out,N
is,V
a,DT
ge,NM
zero,P
and,CJ
a,DT
lt,NM
b,N
next,NM
group,N
no,DT
dig,NM
delay,NM
timer,N
server,NM
list,N
vid,NM
1,D
Label,NM
Action,N
set,NM
Prev,NM
Ctx,NM
Action,N
if,NM
Reduced,NM
Expr,N
OF,P
Android,NM
Window,N
num,NM
Outs,NPL
last,NM
Exception,N
bt,NM
Deformable,NM
Contact,NM
Constraint,N
f,NM
Cos,N
git,V
fs,NM
path,N
to,P
dir,N
b,NM
1,D
Index,N
Tree,NM
Element,N
sqlite,NM
3,P
Walk,V
Expr,NM
List,N
Project,NM
Controller,NM
Private,N
desktop,NM
Size,N
query,V
Timeout,NM
In,NM
Ms,N
xe,NM
2,D
decimal,NM
38,P
Dense,NM
this,P
contact,NM
group,N
wrapper,NM
Class,N
gimp,V
selection,NM
tool,NM
class,NM
init,N
is,V
Node,NM
A,NM
Left,NM
Child,NM
Leaf,N
rx128,P
to,P
255,P
packets,NPL
Expression,NM
Finder,N
last,NM
Mode,N
use,NM
mat,NM
dirs,N
send,V
Serial,NM
Config,N
build,V
Schema,N
For,P
2,P
Dimensional,NM
Dataset,N
Server,NM
Safe,NM
Handle,N
Murmur,NM
Hash,NM
3,D
get,V
Id,N
For,P
Name,N
Default,NM
Mocking,NM
Details,N
Handshake,NM
Mode,N
Alt,NM
And,CJ
Context,NM
Config,NM
Equality,NM
Comparator,N
Rule,NM
Version,NM
Attribute,N
TYPE,NM
TEST,NM
RULE,N
restore,V
degs,NPL
only,N
field,NM
Offset,NM
Vector,N
m,PRE
all,DT
Tables,NM
Selectable,NM
look,NM
and,CJ
feel,N
Controlled,NM
Object,N
Base,NM
Level,NM
1,D
remove,NM
from,P
menu,NM
bar,N
value,NM
a,DT
and,CJ
front,NM
reserved,V
gimp,NM
eraser,NM
default,N
cause,NM
Matcher,N
split,V
Argument,NM
List,N
T,NM
2,P
MOV,NM
16,P
Set,N
Immediate,N
App,NM
ID,N
weechat,V
guile,NM
api,NM
string,NM
input,N
for,P
buffer,N
ares,V
expand,V
name,N
for,P
response,N
this,NM
cb,V
service,N
in,P
host,NM
group,NM
each,DT
host,N
num,N
of,NM
after,NM
release,NM
pdus,N
subtypes,NPL
1,D
glew,NM
Render,NM
Mode,N
Ko,NM
Section,NM
End,NM
Private,N
key,NM
sym,N
R,NM
i,NM
graph,NM
matrix,NM
to,P
S,NM
EXP,N
get,V
Jf,N
last,NM
Token,NM
Was,NM
Delete,NM
Or,CJ
Default,N
old,NM
Param,NM
2,D
Dual,NM
Con,NM
Input,NM
Reader,N
new,NM
Rule,NM
Text,N
error,N
On,NM
400,D
keep,NM
when,V
true,N
next,NM
Gi,NM
phy,NM
Search,NM
Offset,N
MAIL,NM
FORWARD,NM
16,D
x,NM
16,D
png,N
get,N
row,NM
bytes,NPL
sqlite,NM
3,P
Fts,NM
3,P
Hash,NM
Insert,N
Read,V
S,NM
3,P
fs,NM
Passwd,NM
File,N
fts,NM
5,D
yyp,NM
Parser,N
since,P
m,N
for,NM
What,P
rot,NM
axis,N
DOT,NM
Generator,N
setup,PRE
Bounding,NM
Box,NM
Vertices,NPL
f,N
Ptr,NM
Out,P
l,NM
b,NM
layer,N
to,NM
Register,N
limit,NM
0,D
Query,N
more,NM
Generators,NPL
total,NM
Merge,NM
Throttled,NM
Time,N
this,P
Object,N
Get,V
Related,NM
View,NM
Data,NM
Row,NM
Double,N
last,NM
Answered,NM
Request,NM
ID,N
all,DT
Open,DT
Files,NM
String,N
http,NM
2,D
Error,NM
Code,N
Get,V
XCR,N
0,D
if,NM
Condition,N
png,VM
read,N
ID,NM
AT,NM
data,NPL
byte,NM
Src,N
s,N
G,NM
by,P
merge,V
chunks,NPL
by,P
bucket,NM
size,N
raw,NM
nor,N
to,P
Delete,N
time,N
from,P
last,NM
punch,N
all,DT
Store,N
if,NM
Condition,N
on,P
Thread,NM
Is,NM
Alive,N
order,V
With,P
Task,NM
Impl,N
Combine,NM
Paint,NM
Mask,NM
To,P
Canvas,NM
Buffer,NM
To,P
Paint,NM
Buf,NM
Alpha,N
m,PRE
weaver,N
down,V
sample,N
push,V
Reset,NM
Later,N
next,NM
Search,N
only,NM
pool,N
or,V
Filter,N
At,P
Index,N
Ko,NM
Path,NM
Point,NM
Remove,NM
Command,NM
Private,N
Layout,NM
Data,N
data,NM
Sv,NM
4,D
q,NM
0,D
h,N
f,NM
Context,NM
Length,N
btn,NM
down,NM
for,NM
dig,N
check,V
T,N
is,V
Node,NM
A,NM
Left,NM
Child,NM
Leaf,N
utf8,NM
size,N
max,NM
Draw,NM
Buffers,NPL
m,PRE
perspective,NM
bias,NM
1,D
vertex,N
on,P
Execute,NM
Program,N
from,P
Iterator,N
g,NM
cur,NM
and,CJ
availability,NM
logged,V
sqlite,NM
3,P
Put,NM
4,P
byte,N
this,P
bucket,N
Im,DT
2,DT
col,DT
Layer,N
ovs,V
db,NM
transient,NM
datum,N
from,P
json,N
verification,NM
Strategy,N
times,NPL
To,P
Append,NM
Last,NM
Matcher,N
Ko,NM
Path,NM
Point,NM
Remove,NM
Command,NM
Private,N
Stroke,NM
Attribute,NM
alpha,NM
get,N
zoom,NM
x,NM
y,N
Net,NM
State,NM
Rule,NM
Default,NM
Type,NM
Internal,NM
next,NM
config,N
look,NM
and,CJ
feel,NM
Label,N
build,NM
Context,N
rgb,NM
2,D
last,NM
Idx,N
after,P
Join,NM
Send,N
History,N
mock,NM
Creation,NM
Settings,NPL
Dec,NM
on,P
volution,NM
3D,N
ccv,V
nnc,NM
tensor,N
for,P
while,P
count,N
Bridged,NM
Value,NM
Fun,NM
Arg,N
like,NM
Filter,N
stream,NM
for,P
set,V
Canonical,NM
Mention,NM
Begin,N
provided,NM
Schema,N
table,NM
Metadata,NM
V,DT
4,D
Clause,NM
Matrix,N
Refutable,NM
Pattern,NM
Initialization,N
H,NM
pack,N
Layout,NM
Data,N
RS,NM
Stencil,NM
Operation,N
only,NM
Done,N
times,NPL
To,P
Append,NM
Last,NM
Matcher,N
Voronoi,NM
Fracture,NM
Demo,N
Destroy,V
Usr,NM
1,P
Handler,N
y,NM
pixels,NM
per,P
unit,N
size,V
on,P
first,NM
use,N
mtx,N
Compiler,NM
Item,N
nonce,NM
length,N
cache,NM
Entity,N
as,P
binary,N
only,NM
if,P
existing,N
stream,NM
for,P
is,V
Valid,NM
Trailing,NM
Closure,N
c,N
receive,NM
only,VM
T,NM
1,P
Prepare,NM
Mun,NM
map,NM
Code,N
to,N
Hash,NM
Field,NM
Exp,N
GEN,NM
SUBJ,N
add,V
custom,NM
variable,N
to,P
service,N
DEVELOPMENT,N
in,N
Size,N
Cluster,NM
Update,NM
Settings,NM
Response,N
Globals,NPL
As,P
Members,NM
Table,NM
Reader,NM
Info,N
thread,N
B,NM
to,NM
A,N
cb,V
service,N
in,P
host,NM
group,NM
each,DT
host,N
time,N
for,P
each,DT
line,N
colored,NM
Count,N
handle,NM
Pos,N
im,N
out,NM
shape,N
as,P
Function,N
m,PRE
gpu,NM
Rays,NPL
text,NM
only,N
b,NM
3,P
Push,NM
Profile,NM
Timing,N
perl,N
in,P
Map,NM
3D,N
effective,NM
Style,N
f,N
out,N
Value,NM
Label,N
cb,NM
result,N
Regression,NM
2,P
D,NM
Adapter,N
get,V
U,NM
16,P
No,DT
Ex,N
num,NM
Vec,NM
Per,P
Segment,N
vol,NM
Stride,NM
1,D
str,NM
args,NPL
TIFF,NM
Get,V
Size,DT
Proc,N
Reset,V
Token,NM
Stats,NPL
last,NM
time,N
compare,V
Inverse,NM
And,CJ
Forward,NM
Dynamics,N
now,NM
Micros,N
conv,N
in,NM
channels,NPL
if,NM
Unique,N
ptr,NM
next,CJ
to,N
Launch,N
ABC,NM
Opt,N
for,NM
Unknown,NM
Schema,N
after,N
2,D
only,NM
Impersonation,NM
Enabled,V
future,NM
Active,NM
Doc,N
read,V
Element,NM
Text,NM
Span,N
next,NM
In,P
Memory,N
script,NM
Event,NM
Action,NM
Factories,NPL
q,NM
0,D
h,N
canvas,NM
item,N
with,P
Path,NM
And,CJ
Type,N
num,N
Verts,NPL
In,P
A,N
Read,V
S,NM
3,P
fs,NM
Passwd,NM
File,N
Image,DT
Manager,N
validate,V
Public,NM
Static,NM
Void,NM
Methods,NPL
field,NM
Offset,NM
Vector,N
build,V
Group,NM
Query,N
TIFF,NM
Get,V
Size,DT
Proc,N
set,V
Frame,NM
Pen,N
from,P
Inclusive,N
save,NM
As,P
Quadratic,DT
Png,N
png,NM
init,NM
palette,NM
transformations,NPL
SK,NM
Editor,NM
Consumer,N
action,NM
View,NM
Show,NM
Master,NM
Pages,N
Clear,NM
Active,NM
ID,N
a,DT
3,D
bean,NM
Configs,NPL
weak,NM
Ref,NM
Lost,N
gimp,V
devices,NPL
check,NM
change,N
base,NM
transform,V
all,DT
Casts,NPL
last,NM
Rel,NM
Node,N
Vanilla,NM
Forward,NM
Payoff,N
start,NM
R,NM
1,D
a,PRE
cap,N
source,NM
index,N
the,DT
Getter,N
gui,NM
line,NM
mixed,NM
free,NM
all,DT
write,NM
Root,N
on,P
start,N
m,PRE
last,NM
Connection,N
rt,NM
Stream,NM
Ptr,N
compare,V
Fields,NM
By,P
Name,N
Problem,NM
Reporter,NM
Factory,N
for,P
Number,N
tune,NM
Tree,NM
bank,N
submodule,N
load,NM
each,DT
glew,NM
Validate,NM
Program,NM
Pipeline,N
rx1024,NM
to,P
1522,P
packets,NPL
blob,N
name,NM
to,P
last,NM
top,NM
idx,N
all,DT
Final,N
pad,NM
2,D
T,NM
1,P
Prepare,NM
Mun,NM
map,NM
Code,N
to,NM
Count,N
Log,NM
Mixed,NM
Linear,NM
Cubic,NM
Interpolation,N
all,DT
Procedures,NPL
Are,V
Callable,NM
name,NM
what,CJ
all,DT
New,DT
Schema,NM
Paths,N
default,NM
Answer,N
plugin,NM
script,NM
str,NM
2,P
ptr,N
ccv,V
nnc,NM
tensor,N
for,P
while,P
count,N
Hash,NM
32,D
Functions,NPL
gimp,NM
value,NM
set,NM
int32,NM
array,N
offset,NM
p,N
parallel,V
for,P
Vanilla,NM
Forward,NM
Payoff,N
m,PRE
weaver,N
C,N
At,P
Background,NM
Color,N
png,N
get,N
unknown,DT
chunks,NPL
do,V
all,DT
sorted,NM
fn,CJ
spx,NM
nt,NM
prod,N
1,D
parameter,NM
Assignment,N

