WORD,TAG,POS_SEQUENCE
major,ERROR,
core,ERROR,
later,ERROR,
in,ERROR,
value,ERROR,
m,ERROR,
second,ERROR,
protocols,ERROR,
feature,ERROR,
hp,ERROR,
prop,ERROR,
check,ERROR,
material,ERROR,
factory,ERROR,
ticket,ERROR,
setup,ERROR,
dupe,ERROR,
names,ERROR,
destructor,ERROR,
or,ERROR,
sei,ERROR,
build,ERROR,
key,ERROR,
byte,ERROR,
neighbor,ERROR,
listener,ERROR,
name,ERROR,
services,ERROR,
1,ERROR,
fts5,ERROR,
coords,ERROR,
egress,ERROR,
faces,ERROR,
subtypes,ERROR,
x,ERROR,
and,ERROR,
key,ERROR,
16,ERROR,
hardware,ERROR,
from,ERROR,
greedy,ERROR,
next,ERROR,
key,ERROR,
eclipse,ERROR,
settings,ERROR,
call,ERROR,
buckets,ERROR,
p,ERROR,
expr,ERROR,
read,ERROR,
x,ERROR,
nearest,ERROR,
1,ERROR,
parse,ERROR,
now,ERROR,
forward,ERROR,
2,ERROR,
m,ERROR,
prec,ERROR,
convert,ERROR,
new,ERROR,
mention,ERROR,
row,ERROR,
se,ERROR,
object,ERROR,
initialize,ERROR,
t,ERROR,
str,ERROR,
add,ERROR,
fd,ERROR,
top,ERROR,
deadline,ERROR,
1,ERROR,
max,ERROR,
names,ERROR,
no,ERROR,
path,ERROR,
sm83,ERROR,
get,ERROR,
p,ERROR,
mat,ERROR,
vector,ERROR,
config,ERROR,
shininess,ERROR,
ge,ERROR,
extra,ERROR,
unpack,ERROR,
features,ERROR,
be,ERROR,
binary,ERROR,
token,ERROR,
6,ERROR,
lru,ERROR,
assertion,ERROR,
shader,ERROR,
palette,ERROR,
cpp,ERROR,
005,ERROR,
action,ERROR,
next,ERROR,
frame,ERROR,
ty,ERROR,
decls,ERROR,
suppress,ERROR,
per,ERROR,
vf,ERROR,
colour,ERROR,
states,ERROR,
x,ERROR,
partition,ERROR,
per,ERROR,
should,ERROR,
width,ERROR,
s3fs,ERROR,
least,ERROR,
kinects,ERROR,
icon,ERROR,
history,ERROR,
next,ERROR,
code,ERROR,
array,ERROR,
path,ERROR,
keep,ERROR,
primitives,ERROR,
scheme,ERROR,
bucket,ERROR,
tok,ERROR,
or,ERROR,
every,ERROR,
naming,ERROR,
add,ERROR,
cols,ERROR,
put,ERROR,
bridged,ERROR,
ffmpeg,ERROR,
append,ERROR,
id,ERROR,
duplicate,ERROR,
max,ERROR,
ofp,ERROR,
most,ERROR,
crypter,ERROR,
ds,ERROR,
in,ERROR,
blocked,ERROR,
read,ERROR,
pointer,ERROR,
vanilla,ERROR,
alloc,ERROR,
conv,ERROR,
rem,ERROR,
this,ERROR,
i,ERROR,
4,ERROR,
r,ERROR,
block,ERROR,
scale,ERROR,
words,ERROR,
helper,ERROR,
expr,ERROR,
text,ERROR,
relay,ERROR,
on,ERROR,
to,ERROR,
set,ERROR,
last,ERROR,
resamplers,ERROR,
mock,ERROR,
after,ERROR,
rule,ERROR,
diamond,ERROR,
lost,ERROR,
vegas,ERROR,
border,ERROR,
button,ERROR,
next,ERROR,
a,ERROR,
mark,ERROR,
cas,ERROR,
pen,ERROR,
password,ERROR,
flags,ERROR,
res,ERROR,
pybullet,ERROR,
leaks,ERROR,
rgba4444,ERROR,
max,ERROR,
receive,ERROR,
host,ERROR,
curve,ERROR,
private,ERROR,
count,ERROR,
v,ERROR,
psp,ERROR,
headers,ERROR,
cuts,ERROR,
all,ERROR,
last,ERROR,
op,ERROR,
reference,ERROR,
each,ERROR,
patterns,ERROR,
analysis,ERROR,
declare,ERROR,
contour,ERROR,
statement,ERROR,
status,ERROR,
filter,ERROR,
icy,ERROR,
once,ERROR,
padding,ERROR,
str,ERROR,
included,ERROR,
parameter,ERROR,
factory,ERROR,
oid,ERROR,
add,ERROR,
present,ERROR,
login,ERROR,
diff,ERROR,
factory,ERROR,
tables,ERROR,
data,ERROR,
geometry,ERROR,
mid,ERROR,
context,ERROR,
horizontally,ERROR,
device,ERROR,
conv,ERROR,
root,ERROR,
plus,ERROR,
too,ERROR,
as,ERROR,
store,ERROR,
to,ERROR,
1,ERROR,
as,ERROR,
free,ERROR,
hashable,ERROR,
write,ERROR,
own,ERROR,
property,ERROR,
custom,ERROR,
and,ERROR,
r,ERROR,
6,ERROR,
had,ERROR,
dir,ERROR,
language,ERROR,
g,ERROR,
open,ERROR,
builder,ERROR,
mask,ERROR,
len,ERROR,
n,ERROR,
request,ERROR,
all,ERROR,
save,ERROR,
im,ERROR,
buf,ERROR,
token,ERROR,
datum,ERROR,
jar,ERROR,
short,ERROR,
yaml,ERROR,
to,ERROR,
flag,ERROR,
pid,ERROR,
can,ERROR,
c,ERROR,
m,ERROR,
text,ERROR,
session,ERROR,
pred,ERROR,
n,ERROR,
a,ERROR,
no,ERROR,
max,ERROR,
loc,ERROR,
in,ERROR,
builder,ERROR,
name,ERROR,
commas,ERROR,
new,ERROR,
su,ERROR,
class,ERROR,
line,ERROR,
1,ERROR,
file,ERROR,
m,ERROR,
number,ERROR,
field,ERROR,
on,ERROR,
depthwise,ERROR,
install,ERROR,
bounding,ERROR,
tranched,ERROR,
type,ERROR,
to,ERROR,
out,ERROR,
get,ERROR,
close,ERROR,
now,ERROR,
content,ERROR,
hosts,ERROR,
2,ERROR,
fts5,ERROR,
get,ERROR,
neighbor,ERROR,
only,ERROR,
c,ERROR,
contact,ERROR,
both,ERROR,
overlap,ERROR,
index,ERROR,
pool,ERROR,
name,ERROR,
metadata,ERROR,
session,ERROR,
slide,ERROR,
indirect,ERROR,
dispatch,ERROR,
2,ERROR,
notification,ERROR,
1,ERROR,
longitude,ERROR,
everything,ERROR,
new,ERROR,
schema,ERROR,
224,ERROR,
bean,ERROR,
n,ERROR,
on,ERROR,
no,ERROR,
for,ERROR,
to,ERROR,
significand,ERROR,
factory,ERROR,
ranges,ERROR,
tensor,ERROR,
members,ERROR,
log,ERROR,
flip,ERROR,
side,ERROR,
matrix,ERROR,
value,ERROR,
f1,ERROR,
container,ERROR,
save,ERROR,
results,ERROR,
ten,ERROR,
first,ERROR,
layer,ERROR,
connection,ERROR,
igraph,ERROR,
rate,ERROR,
bt,ERROR,
agnostic,ERROR,
file,ERROR,
stanzas,ERROR,
string,ERROR,
mock,ERROR,
ground,ERROR,
where,ERROR,
reduction,ERROR,
lsm,ERROR,
shape,ERROR,
backprop,ERROR,
still,ERROR,
schematic,ERROR,
next,ERROR,
def,ERROR,
buffer,ERROR,
ok,ERROR,
m,ERROR,
h,ERROR,
use,ERROR,
found,ERROR,
2,ERROR,
width,ERROR,
verification,ERROR,
private,ERROR,
size,ERROR,
host,ERROR,
out,ERROR,
16,ERROR,
from,ERROR,
valid,ERROR,
ipv4,ERROR,
length,ERROR,
2,ERROR,
treebank,ERROR,
reduced,ERROR,
next,ERROR,
a,ERROR,
next,ERROR,
index,ERROR,
on,ERROR,
attributes,ERROR,
vec,ERROR,
quote,ERROR,
cb,ERROR,
is,ERROR,
to,ERROR,
xcr,ERROR,
canvas,ERROR,
char,ERROR,
mono,ERROR,
state,ERROR,
response,ERROR,
id,ERROR,
send,ERROR,
next,ERROR,
n,ERROR,
handle,ERROR,
buf,ERROR,
q,ERROR,
number,ERROR,
code,ERROR,
seconds,ERROR,
at,ERROR,
rule,ERROR,
b,ERROR,
param,ERROR,
max,ERROR,
file,ERROR,
as,ERROR,
credential,ERROR,
0,ERROR,
page,ERROR,
coefficient,ERROR,
to,ERROR,
heap,ERROR,
4,ERROR,
id,ERROR,
dirt,ERROR,
formatted,ERROR,
err,ERROR,
fence,ERROR,
operation,ERROR,
response,ERROR,
playing,ERROR,
development,ERROR,
literal,ERROR,
white,ERROR,
a,ERROR,
category,ERROR,
has,ERROR,
with,ERROR,
next,ERROR,
col,ERROR,
sbox,ERROR,
remove,ERROR,
if,ERROR,
function,ERROR,
string,ERROR,
no,ERROR,
tmp,ERROR,
for,ERROR,
on,ERROR,
offset,ERROR,
child,ERROR,
node,ERROR,
for,ERROR,
w,ERROR,
offset,ERROR,
i,ERROR,
speech,ERROR,
id,ERROR,
mode,ERROR,
from,ERROR,
cap,ERROR,
all,ERROR,
path,ERROR,
system,ERROR,
root,ERROR,
lattice,ERROR,
do,ERROR,
reference,ERROR,
split,ERROR,
exception,ERROR,
to,ERROR,
place,ERROR,
parent,ERROR,
r,ERROR,
value,ERROR,
code,ERROR,
v,ERROR,
bypass,ERROR,
oauth,ERROR,
down,ERROR,
f,ERROR,
off,ERROR,
to,ERROR,
chinese,ERROR,
whole,ERROR,
private,ERROR,
mem,ERROR,
cmd,ERROR,
grouping,ERROR,
verify,ERROR,
last,ERROR,
13,ERROR,
proxy,ERROR,
impl,ERROR,
threshold,ERROR,
index,ERROR,
word,ERROR,
in,ERROR,
copy,ERROR,
limit,ERROR,
verification,ERROR,
casefold,ERROR,
h,ERROR,
next,ERROR,
f,ERROR,
set,ERROR,
header,ERROR,
args,ERROR,
warning,ERROR,
layer,ERROR,
255,ERROR,
used,ERROR,
texture,ERROR,
ex,ERROR,
2,ERROR,
default,ERROR,
plus,ERROR,
ingress,ERROR,
pi,ERROR,
components,ERROR,
grpc,ERROR,
p,ERROR,
irc,ERROR,
dynamic,ERROR,
done,ERROR,
with,ERROR,
actual,ERROR,
value,ERROR,
to,ERROR,
invocations,ERROR,
replace,ERROR,
dividend,ERROR,
reset,ERROR,
register,ERROR,
what,ERROR,
net,ERROR,
next,ERROR,
combine,ERROR,
which,ERROR,
extra,ERROR,
gc,ERROR,
coordination,ERROR,
writeables,ERROR,
non,ERROR,
1,ERROR,
on,ERROR,
trained,ERROR,
abcd,ERROR,
get,ERROR,
convertible,ERROR,
no,ERROR,
filter,ERROR,
response,ERROR,
2,ERROR,
value,ERROR,
interface,ERROR,
string,ERROR,
tcp,ERROR,
found,ERROR,
style,ERROR,
with,ERROR,
next,ERROR,
tracking,ERROR,
name,ERROR,
map,ERROR,
scale,ERROR,
start,ERROR,
constant,ERROR,
16,ERROR,
index,ERROR,
3,ERROR,
1,ERROR,
len,ERROR,
in,ERROR,
filtered,ERROR,
the,ERROR,
factories,ERROR,
canonical,ERROR,
else,ERROR,
comparison,ERROR,
gby,ERROR,
list,ERROR,
constant,ERROR,
conv,ERROR,
score,ERROR,
c,ERROR,
a,ERROR,
adjust,ERROR,
interval,ERROR,
c,ERROR,
canceled,ERROR,
map,ERROR,
rule,ERROR,
agent,ERROR,
x,ERROR,
if,ERROR,
screen,ERROR,
in,ERROR,
4,ERROR,
default,ERROR,
json,ERROR,
instance,ERROR,
mode,ERROR,
script,ERROR,
strategy,ERROR,
element,ERROR,
out,ERROR,
y,ERROR,
is,ERROR,
add,ERROR,
euler,ERROR,
by,ERROR,
all,ERROR,
out,ERROR,
pack,ERROR,
max,ERROR,
string,ERROR,
until,ERROR,
s,ERROR,
except,ERROR,
num,ERROR,
region,ERROR,
cached,ERROR,
imported,ERROR,
pos,ERROR,
us,ERROR,
friend,ERROR,
as,ERROR,
to,ERROR,
literal,ERROR,
split,ERROR,
auto,ERROR,
add,ERROR,
from,ERROR,
child,ERROR,
uploader,ERROR,
name,ERROR,
data,ERROR,
separators,ERROR,
tess,ERROR,
config,ERROR,
last,ERROR,
server,ERROR,
subj,ERROR,
out,ERROR,
more,ERROR,
main,ERROR,
configuration,ERROR,
s3,ERROR,
to,ERROR,
for,ERROR,
binary,ERROR,
exception,ERROR,
cubic,ERROR,
out,ERROR,
name,ERROR,
reduce,ERROR,
dense,ERROR,
pos,ERROR,
index,ERROR,
sky,ERROR,
after,ERROR,
wire,ERROR,
to,ERROR,
decode,ERROR,
x,ERROR,
while,ERROR,
expected,ERROR,
listener,ERROR,
info,ERROR,
merged,ERROR,
select,ERROR,
task,ERROR,
support,ERROR,
wrapped,ERROR,
to,ERROR,
frame,ERROR,
0,ERROR,
inv,ERROR,
options,ERROR,
mag,ERROR,
condition,ERROR,
buff,ERROR,
index,ERROR,
param,ERROR,
dist,ERROR,
and,ERROR,
b,ERROR,
upper,ERROR,
l2,ERROR,
is,ERROR,
extra,ERROR,
all,ERROR,
ref,ERROR,
item,ERROR,
fragment,ERROR,
entry,ERROR,
started,ERROR,
current,ERROR,
verifier,ERROR,
final,ERROR,
0,ERROR,
now,ERROR,
g,ERROR,
first,ERROR,
up,ERROR,
list,ERROR,
operator,ERROR,
space,ERROR,
a,ERROR,
marker,ERROR,
event,ERROR,
suite,ERROR,
last,ERROR,
key,ERROR,
dns,ERROR,
num,ERROR,
after,ERROR,
rotation,ERROR,
key,ERROR,
upsampling,ERROR,
schema,ERROR,
ptr,ERROR,
f,ERROR,
size,ERROR,
and,ERROR,
options,ERROR,
int32,ERROR,
statistics,ERROR,
of,ERROR,
kernels,ERROR,
vertices,ERROR,
tile,ERROR,
socks4,ERROR,
payoff,ERROR,
xodtemplate,ERROR,
sv,ERROR,
buffer,ERROR,
ul,ERROR,
caps,ERROR,
with,ERROR,
s3fs,ERROR,
per,ERROR,
cell,ERROR,
set,ERROR,
multiple,ERROR,
relative,ERROR,
rule,ERROR,
igraph,ERROR,
table,ERROR,
of,ERROR,
len,ERROR,
current,ERROR,
pull,ERROR,
i,ERROR,
sm83,ERROR,
sum,ERROR,
16,ERROR,
for,ERROR,
spx,ERROR,
model,ERROR,
html,ERROR,
send,ERROR,
data,ERROR,
and,ERROR,
wait,ERROR,
last,ERROR,
conv,ERROR,
truncate,ERROR,
data,ERROR,
in,ERROR,
discount,ERROR,
dir,ERROR,
separable,ERROR,
hash,ERROR,
string,ERROR,
x,ERROR,
1,ERROR,
friction,ERROR,
last,ERROR,
builder,ERROR,
plane,ERROR,
s,ERROR,
timestamp,ERROR,
33,ERROR,
val,ERROR,
vol,ERROR,
availability,ERROR,
convert,ERROR,
save,ERROR,
matches,ERROR,
all,ERROR,
will,ERROR,
overriden,ERROR,
110,ERROR,
text,ERROR,
array,ERROR,
android,ERROR,
supported,ERROR,
f,ERROR,
key,ERROR,
near,ERROR,
temp,ERROR,
dialog,ERROR,
to,ERROR,
line,ERROR,
impersonation,ERROR,
light,ERROR,
tlv,ERROR,
0,ERROR,
ctx,ERROR,
initial,ERROR,
rank,ERROR,
layer,ERROR,
tables,ERROR,
shader,ERROR,
data,ERROR,
equals,ERROR,
read,ERROR,
type,ERROR,
type,ERROR,
start,ERROR,
color,ERROR,
count,ERROR,
the,ERROR,
username,ERROR,
ccv,ERROR,
iterations,ERROR,
name,ERROR,
walk,ERROR,
in,ERROR,
rename,ERROR,
dist,ERROR,
place,ERROR,
slave,ERROR,
num,ERROR,
rt,ERROR,
yolo,ERROR,
curve,ERROR,
among,ERROR,
multiiter,ERROR,
ty,ERROR,
from,ERROR,
get,ERROR,
mock,ERROR,
index,ERROR,
group,ERROR,
init,ERROR,
url,ERROR,
no,ERROR,
module,ERROR,
target,ERROR,
seen,ERROR,
signing,ERROR,
record,ERROR,
cemd,ERROR,
n,ERROR,
job,ERROR,
if,ERROR,
to,ERROR,
canon,ERROR,
problem,ERROR,
param,ERROR,
col,ERROR,
roots,ERROR,
hash,ERROR,
as,ERROR,
over,ERROR,
cursor,ERROR,
for,ERROR,
ambient,ERROR,
curve,ERROR,
set,ERROR,
upd,ERROR,
php,ERROR,
in,ERROR,
finished,ERROR,
string,ERROR,
to,ERROR,
graph,ERROR,
cos,ERROR,
hidden,ERROR,
target,ERROR,
to,ERROR,
ancestor,ERROR,
descendants,ERROR,
no,ERROR,
order,ERROR,
ccv,ERROR,
rc,ERROR,
next,ERROR,
concrete,ERROR,
toc,ERROR,
where,ERROR,
1,ERROR,
one,ERROR,
follow,ERROR,
cache,ERROR,
vector,ERROR,
show,ERROR,
contextualize,ERROR,
dual,ERROR,
ctx,ERROR,
side,ERROR,
name,ERROR,
treebank,ERROR,
scope,ERROR,
col,ERROR,
index,ERROR,
change,ERROR,
gui,ERROR,
4,ERROR,
data,ERROR,
worker,ERROR,
num,ERROR,
critical,ERROR,
is,ERROR,
sock,ERROR,
package,ERROR,
field,ERROR,
vars,ERROR,
this,ERROR,
friend,ERROR,
type,ERROR,
quad,ERROR,
frame,ERROR,
n,ERROR,
speaker,ERROR,
string,ERROR,
change,ERROR,
chain,ERROR,
max,ERROR,
last,ERROR,
tree,ERROR,
morph,ERROR,
right,ERROR,
v,ERROR,
for,ERROR,
tune,ERROR,
safe,ERROR,
enabled,ERROR,
next,ERROR,
parameter,ERROR,
unregistered,ERROR,
last,ERROR,
component,ERROR,
out,ERROR,
m,ERROR,
now,ERROR,
ko,ERROR,
save,ERROR,
if,ERROR,
quark,ERROR,
server,ERROR,
p,ERROR,
terminal,ERROR,
namespace,ERROR,
nanoseconds,ERROR,
used,ERROR,
x,ERROR,
attribute,ERROR,
input,ERROR,
orientation,ERROR,
fn,ERROR,
activity,ERROR,
or,ERROR,
reg,ERROR,
view,ERROR,
files,ERROR,
read,ERROR,
state,ERROR,
no,ERROR,
path,ERROR,
id,ERROR,
mark,ERROR,
name,ERROR,
connection,ERROR,
to,ERROR,
bean,ERROR,
initializer,ERROR,
check,ERROR,
details,ERROR,
gimp,ERROR,
purge,ERROR,
more,ERROR,
1,ERROR,
dirs,ERROR,
common,ERROR,
field,ERROR,
v,ERROR,
parts,ERROR,
attribute,ERROR,
to,ERROR,
2d,ERROR,
save,ERROR,
21,ERROR,
pixel,ERROR,
no,ERROR,
s3,ERROR,
is,ERROR,
protocol,ERROR,
bounding,ERROR,
dist,ERROR,
str,ERROR,
gimp,ERROR,
stream,ERROR,
lumninance,ERROR,
do,ERROR,
safe,ERROR,
redirected,ERROR,
network,ERROR,
stride,ERROR,
profiles,ERROR,
original,ERROR,
indexer,ERROR,
if,ERROR,
2,ERROR,
from,ERROR,
prel,ERROR,
id,ERROR,
on,ERROR,
local,ERROR,
partial,ERROR,
type,ERROR,
arg,ERROR,
png,ERROR,
tok,ERROR,
find,ERROR,
count,ERROR,
2,ERROR,
0,ERROR,
16,ERROR,
in,ERROR,
pass,ERROR,
internal,ERROR,
resources,ERROR,
fields,ERROR,
view,ERROR,
empty,ERROR,
convolution,ERROR,
repress,ERROR,
nullable,ERROR,
min,ERROR,
type,ERROR,
1,ERROR,
next,ERROR,
decl,ERROR,
mesh,ERROR,
in,ERROR,
object,ERROR,
add,ERROR,
numbering,ERROR,
read,ERROR,
name,ERROR,
m,ERROR,
within,ERROR,
sqlite3,ERROR,
add,ERROR,
saturation,ERROR,
expected,ERROR,
col,ERROR,
memory,ERROR,
details,ERROR,
output,ERROR,
leg,ERROR,
